{"cameraMode":{"drawMode":0,"name":"Shaded","section":"Shading Mode"},"sceneLighting":true,"audioPlay":false,"sceneViewState":{"showFog":true,"showMaterialUpdate":false,"showSkybox":true,"showFlares":true,"showImageEffects":true,"showParticleSystems":true},"in2DMode":false,"pivot":{"x":10.948458671569825,"y":9.406599998474121,"z":-17.732891082763673},"rotation":{"x":-0.17342811822891236,"y":-0.0038431398570537569,"z":0.000676270923577249,"w":-0.9848417639732361},"size":0.42205750942230227,"orthographic":false}