{"cameraMode":{"drawMode":0,"name":"Shaded","section":"Shading Mode"},"sceneLighting":true,"audioPlay":false,"sceneViewState":{"showFog":true,"showMaterialUpdate":false,"showSkybox":true,"showFlares":true,"showImageEffects":true,"showParticleSystems":true},"in2DMode":false,"pivot":{"x":1.1880640983581544,"y":-6.219295501708984,"z":-2.728160858154297},"rotation":{"x":-0.16305825114250184,"y":0.015387979336082936,"z":-0.0025433162227272989,"w":-0.9864935278892517},"size":33.255043029785159,"orthographic":false}